{
  "28.523809803175396": 77.03711162615383,
  "28.425358225971664": 76.90496324576111,
  "28.44621069554806": 77.03354388176439,
  "28.520685271730812": 77.03948099946149,
  "28.44569028303873": 77.03650528798693,
  "28.49411812775378": 77.1152116619404,
  "28.50193077644549": 77.09394289701271,
  "28.423273763584902": 76.90792646160014,
  "28.388902462393233": 76.94882364149794,
  "28.380054145331016": 76.95948831863137,
  "28.44256408669662": 77.03354388176439
}
